CREATE DATABASE  IF NOT EXISTS `records` /*!40100 DEFAULT CHARACTER SET latin1 */;
USE `records`;
-- MySQL dump 10.13  Distrib 5.7.19, for Win64 (x86_64)
--
-- Host: localhost    Database: records
-- ------------------------------------------------------
-- Server version	5.7.19

/*!40101 SET @OLD_CHARACTER_SET_CLIENT=@@CHARACTER_SET_CLIENT */;
/*!40101 SET @OLD_CHARACTER_SET_RESULTS=@@CHARACTER_SET_RESULTS */;
/*!40101 SET @OLD_COLLATION_CONNECTION=@@COLLATION_CONNECTION */;
/*!40101 SET NAMES utf8 */;
/*!40103 SET @OLD_TIME_ZONE=@@TIME_ZONE */;
/*!40103 SET TIME_ZONE='+00:00' */;
/*!40014 SET @OLD_UNIQUE_CHECKS=@@UNIQUE_CHECKS, UNIQUE_CHECKS=0 */;
/*!40014 SET @OLD_FOREIGN_KEY_CHECKS=@@FOREIGN_KEY_CHECKS, FOREIGN_KEY_CHECKS=0 */;
/*!40101 SET @OLD_SQL_MODE=@@SQL_MODE, SQL_MODE='NO_AUTO_VALUE_ON_ZERO' */;
/*!40111 SET @OLD_SQL_NOTES=@@SQL_NOTES, SQL_NOTES=0 */;

--
-- Table structure for table `class`
--

DROP TABLE IF EXISTS `class`;
/*!40101 SET @saved_cs_client     = @@character_set_client */;
/*!40101 SET character_set_client = utf8 */;
CREATE TABLE `class` (
  `classcode` varchar(45) NOT NULL,
  `subjid` varchar(45) NOT NULL,
  `time` varchar(45) DEFAULT NULL,
  `day` varchar(45) DEFAULT NULL,
  PRIMARY KEY (`classcode`),
  KEY `subjid_idx` (`subjid`),
  CONSTRAINT `subjid` FOREIGN KEY (`subjid`) REFERENCES `subject` (`subjid`) ON DELETE CASCADE ON UPDATE CASCADE
) ENGINE=InnoDB DEFAULT CHARSET=latin1;
/*!40101 SET character_set_client = @saved_cs_client */;

--
-- Dumping data for table `class`
--

LOCK TABLES `class` WRITE;
/*!40000 ALTER TABLE `class` DISABLE KEYS */;
INSERT INTO `class` VALUES ('9300','ENGL 1','08:00-09:00','MWF'),('9301','FIL 1','08:00-09:00','TTHS'),('9302','HIST 1','09:00-10:00','MWF'),('9303','ICS 111','09:00-10:00','TTHS'),('9304','ICS 111L','10:00-11:00','MWF'),('9305','ICS 112','10:00-11:00','TTHS'),('9306','ICS 112L','01:00-02:00','MWF'),('9307','MATH 1A','01:00-02:00','TTHS'),('9308','MATH 2A','02:00-03:00','MWF'),('9309','PE 1','02:00-03:00','TTHS'),('9310','THEO 1','03:00-04:00','MWF'),('9311','CHEM 1A','08:00-09:00','TTHS'),('9312','CHEM 1AL','08:00-09:00','MWF'),('9313','ENGL 2','09:00-10:00','TTHS'),('9314','FIL 2','09:00-10:00','MWF'),('9315','ICS 121','10:00-11:00','TTHS'),('9316','ICS 121L','10:00-11:00','MWF'),('9317','ICS 122','01:00-02:00','TTHS'),('9318','ICS 122L','01:00-02:00','MWF'),('9319','MATH 3B','02:00-03:00','TTHS'),('9320','PE 2','02:00-03:00','MWF'),('9321','PSYCHO 1','03:00-04:00','TTHS'),('9322','THEO 2','03:00-04:00','MWF'),('9323','HIST 2','09:00-10:00','TTHS'),('9324','NSTP-CWTS 1','09:00-10:00','MWF'),('9325','POLIT SC 1','10:00-11:00','TTHS'),('9326','ECON 1','08:00-09:00','MWF'),('9327','ENGL 4','08:00-09:00','TTHS'),('9328','ICS 211','09:00-10:00','MWF'),('9329','ICS 211L','09:00-10:00','TTHS'),('9330','ICS 212','10:00-11:00','MWF'),('9331','MATH 4A','10:00-11:00','TTHS'),('9332','PE 3','01:00-02:00','MWF'),('9333','PHILOS 1','01:00-02:00','TTHS'),('9334','THEO 3','02:00-03:00','MWF'),('9335','ICS 221','08:00-09:00','TTHS'),('9336','ICS 222','08:00-09:00','MWF'),('9337','ICS 222L','09:00-10:00','TTHS'),('9338','MATH 5A','09:00-10:00','MWF'),('9339','PE 4','10:00-11:00','TTHS'),('9340','PHILOS 2','10:00-11:00','MWF'),('9341','PHYS 1A','01:00-02:00','TTHS'),('9342','PHYS 1AL','01:00-02:00','MWF'),('9343','SOCIO 1','02:00-03:00','TTHS'),('9344','THEO 4','02:00-03:00','MWF'),('9345','ICS 313','01:00-02:00','TTHS'),('9346','NSTP-CWTS 2','01:00-02:00','MWF'),('9347','PHYS 2B','02:00-03:00','TTHS'),('9348','CS 311A','08:00-09:00','MWF'),('9349','ENGL 7','08:00-09:00','TTHS'),('9350','ICS 311','09:00-10:00','MWF'),('9351','ICS 311L','09:00-10:00','TTHS'),('9352','ICS 312','10:00-11:00','MWF'),('9353','ICS 312L','10:00-11:00','TTHS'),('9354','ICS 321','01:00-02:00','MWF'),('9355','ICS 321L','01:00-02:00','TTHS'),('9356','IT 311','02:00-03:00','MWF'),('9357','CS 321A','08:00-09:00','TTHS'),('9358','CS 321D','08:00-09:00','MWF'),('9359','CS 322','09:00-10:00','TTHS'),('9360','ICS 322','10:00-11:00','MWF'),('9361','ICS 322L','10:00-11:00','TTHS'),('9362','IT 324','01:00-02:00','MWF'),('9363','IT 324L','01:00-02:00','TTHS'),('9364','MATH 8A','02:00-03:00','MWF'),('9365','CS 412','02:00-03:00','TTHS');
/*!40000 ALTER TABLE `class` ENABLE KEYS */;
UNLOCK TABLES;

--
-- Table structure for table `enroll`
--

DROP TABLE IF EXISTS `enroll`;
/*!40101 SET @saved_cs_client     = @@character_set_client */;
/*!40101 SET character_set_client = utf8 */;
CREATE TABLE `enroll` (
  `classcode` varchar(45) NOT NULL,
  `idno` int(11) NOT NULL,
  `datesubmitted` varchar(45) NOT NULL,
  `status` varchar(45) NOT NULL,
  KEY `idno_idx` (`idno`),
  KEY `classcode_idx` (`classcode`),
  CONSTRAINT `classcode` FOREIGN KEY (`classcode`) REFERENCES `class` (`classcode`) ON DELETE CASCADE ON UPDATE CASCADE,
  CONSTRAINT `idno` FOREIGN KEY (`idno`) REFERENCES `students` (`idno`) ON DELETE CASCADE ON UPDATE CASCADE
) ENGINE=InnoDB DEFAULT CHARSET=latin1;
/*!40101 SET character_set_client = @saved_cs_client */;

--
-- Dumping data for table `enroll`
--

LOCK TABLES `enroll` WRITE;
/*!40000 ALTER TABLE `enroll` DISABLE KEYS */;
/*!40000 ALTER TABLE `enroll` ENABLE KEYS */;
UNLOCK TABLES;

--
-- Table structure for table `students`
--

DROP TABLE IF EXISTS `students`;
/*!40101 SET @saved_cs_client     = @@character_set_client */;
/*!40101 SET character_set_client = utf8 */;
CREATE TABLE `students` (
  `idno` int(11) NOT NULL,
  `lastname` varchar(45) NOT NULL,
  `firstname` varchar(45) NOT NULL,
  `midInitial` varchar(45) NOT NULL,
  `gender` varchar(45) NOT NULL,
  `contactno` varchar(16) NOT NULL,
  `email` varchar(45) DEFAULT NULL,
  PRIMARY KEY (`idno`)
) ENGINE=InnoDB DEFAULT CHARSET=latin1;
/*!40101 SET character_set_client = @saved_cs_client */;

--
-- Dumping data for table `students`
--

LOCK TABLES `students` WRITE;
/*!40000 ALTER TABLE `students` DISABLE KEYS */;
INSERT INTO `students` VALUES (2151234,'Tadeja','Alessandra','K','F','+63 935 870 1354','2151234@slu.edu.ph'),(2154782,'Gonzales','Jheyanne','O','F','+63 915 487 2650','2154782@slu.edu.ph'),(2161332,'Bautista','Aian','J','M','+63 977 802 6814','2161332@slu.edu.ph'),(2161548,'Cruz','Shyra','G','F','+63 905 916 7644','2161548@slu.edu.ph'),(2164587,'Aquino','Eyvind','M','M','+63 905 631 2487','2164587@slu.edu.ph'),(2165457,'Ramos','Jairuss','B','M','+63 995 872 1430','2165457@slu.edu.ph'),(2166087,'Abiera','Gerichelle','R','F','+63 999 215 4803','2166087@slu.edu.ph'),(2166253,'Lagasca','Louel','D','M','+63 915 205 7397','2166253@slu.edu.ph'),(2167845,'Reyes','Justine','H','F','+63 907 262 8541','2167845@slu.edu.ph');
/*!40000 ALTER TABLE `students` ENABLE KEYS */;
UNLOCK TABLES;

--
-- Table structure for table `subject`
--

DROP TABLE IF EXISTS `subject`;
/*!40101 SET @saved_cs_client     = @@character_set_client */;
/*!40101 SET character_set_client = utf8 */;
CREATE TABLE `subject` (
  `subjid` varchar(45) NOT NULL,
  `title` longtext NOT NULL,
  `units` int(1) NOT NULL,
  `prerequisite` varchar(45) DEFAULT NULL,
  `year` int(1) NOT NULL,
  `semester` int(1) NOT NULL,
  PRIMARY KEY (`subjid`)
) ENGINE=InnoDB DEFAULT CHARSET=latin1;
/*!40101 SET character_set_client = @saved_cs_client */;

--
-- Dumping data for table `subject`
--

LOCK TABLES `subject` WRITE;
/*!40000 ALTER TABLE `subject` DISABLE KEYS */;
INSERT INTO `subject` VALUES ('CHEM 1A','GENERAL AND INORGANIC CHEMISTRY I',3,NULL,1,2),('CHEM 1AL','GENERAL AND INORGANIC CHEMISTRY I',1,NULL,1,2),('CS 311A','OBJECT ORIENTED PROGRAMMING',3,NULL,3,1),('CS 311B','COMPILER DESIGN',3,NULL,4,1),('CS 321A','INTRODUCTION TO AUTOMATA & FORMAL LANGUAGES',3,'CS 311A',3,2),('CS 321B','INTRODUCTION TO ARTIFICIAL INTELLIGENCE',3,'CS 311A',4,1),('CS 321C','INTRODUCTION TO PARALLEL COMPUTING (Elective)',3,NULL,4,1),('CS 321D','STRUCTURE OF PROGRAMMING LANGUAGES',3,'CS 311A',3,2),('CS 322','METHODS OF RESEARCH IN COMPUTER SCIENCE',3,NULL,3,2),('CS 411A','ADVANCED COMPUTER ARCHITECTURE (Elective)',3,NULL,4,2),('CS 411B','DISTRIBUTED SYSTEMS (Elective)',3,NULL,4,2),('CS 411C','CS SPECIAL TOPICS (Elective)',3,NULL,4,2),('CS 412','PRACTICUM',3,'CS 322',3,3),('CS 421A','INTERFACING AND COMMUNICATION (Elective)',3,NULL,4,1),('CS 421B','COMPUTER GRAPHICS (Elective)',2,NULL,4,1),('CS 421C','COMPUTER PERFORMANCE MODELING (Elective)',3,NULL,4,2),('CS 422A','MODELING & SIMULATION THEORY',3,NULL,4,2),('CS 422B','INTRODUCTION TO ROBOTICS (Elective)',3,NULL,4,2),('ECON 1','BASIC ECONOMICS WITH TAXATION AND AGRARIAN REFORM',3,NULL,2,1),('ENGL 1','COMMUNICATION ARTS I',3,NULL,1,1),('ENGL 2','COMMUNICATION ARTS II',3,'ENGL 1',1,2),('ENGL 4','PUBLIC SPEAKING AND ARGUMENTATION',3,'ENGL 2',2,1),('ENGL 7','TECHNICAL WRITING',3,'ENGL 4',3,1),('FIL 1','KOMUNIKASYON SA AKADEMIKONG FILIPINO',3,NULL,1,1),('FIL 2','PAGBASA AT PAGSULAT TUNGO SA PANANALIKSIK',3,'FIL 1',1,2),('HIST 1','PHILIPPINE HISTORY',3,NULL,1,1),('HIST 2','LIFE AND WORKS OF DR JOSE RIZAL',3,'HIST 1',1,3),('ICS 111','INTRODUCTION TO COMPUTER SCIENCE 1',2,NULL,1,1),('ICS 111L','INTRODUCTION TO COMPUTER SCIENCE 1',1,NULL,1,1),('ICS 112','COMPUTER PROGRAMMING 1',2,NULL,1,1),('ICS 112L','COMPUTER PROGRAMMING 1',1,NULL,1,1),('ICS 121','INTRODUCTION TO COMPUTER SCIENCE 2',2,'ICS 111',1,2),('ICS 121L','INTRODUCTION TO COMPUTER SCIENCE 2',1,'ICS 111L',1,2),('ICS 122','COMPUTER PROGRAMMING 2',2,'ICS 112',1,2),('ICS 122L','COMPUTER PROGRAMMING 2',1,'ICS 112L',1,2),('ICS 211','DATA STRUCTURES WITH ALGORITHM DEVELOPMENT',2,'ICS 121',2,1),('ICS 211L','DATA STRUCTURES WITH ALGORITHM DEVELOPMENT',1,'ICS 121L',2,1),('ICS 212','LOGIC DESIGN AND DIGITAL COMPUTER CIRCUITS',3,'ICS 122',2,1),('ICS 221','FILE ORGANIZATION',3,'ICS 211',2,2),('ICS 222','COMPUTER ARCHITECTURE',2,'ICS 212',2,2),('ICS 222L','COMPUTER ARCHITECTURE',1,'ICS 212',2,2),('ICS 311','OPERATING SYSTEMS',2,'ICS 221',3,1),('ICS 311A','NUMERICAL METHODS (Elective)',3,NULL,4,1),('ICS 311L','OPERATING SYSTEMS',1,'ICS 221',3,1),('ICS 312','PROGRAMMING APPLICATIONS',2,'ICS 222',3,1),('ICS 312L','PROGRAMMING APPLICATIONS',1,'ICS 222L',3,1),('ICS 313','DISCRETE MATHEMATICS',3,'ICS 222',2,3),('ICS 321','DATABASE MANAGEMENT SYSTEMS',2,'ICS 311',3,1),('ICS 321L','DATABASE MANAGEMENT SYSTEMS',1,'ICS 311L',3,1),('ICS 322','DATA COMMUNICATIONS AND COMPUTER NETWORKS',2,'ICS 312',3,2),('ICS 322L','DATA COMMUNICATIONS AND COMPUTER NETWORKS',1,'ICS 312L',3,2),('ICS 411','QUALITY CONSCIOUSNESS, HABITS AND PROCESSES',3,'ICS 321',4,1),('ICS 411A','INTRODUCTION TO OPERATIONS RESEARCH (Elective)',3,NULL,4,2),('ICS 421A','ADVANCED NETWORKING TOPICS (Elective)',2,NULL,4,1),('ICS 421B','KNOWLEDGE & COMPLEX ADAPTIVE SYSTEM (Elective)',3,NULL,4,1),('IT 013','MOBILE TECHNOLOGY (Elective)',2,NULL,4,2),('IT 311','SYSTEMS ANALYSIS AND DESIGN',3,NULL,3,1),('IT 311A','E-COMMERCE (Elective)',2,NULL,4,1),('IT 311B','HUMAN COMPUTER INTERACTION (Elective)',3,NULL,4,1),('IT 321B','DATA WAREHOUSING (Elective)',3,NULL,4,1),('IT 324','WEB SYSTEMS AND TECHNOLOGIES',2,'ICS 312',3,2),('IT 324L','WEB SYSTEMS AND TECHNOLOGIES',1,'ICS 312L',3,2),('IT 411A','INTRODUCTION TO NEURAL NETWORKS (Elective)',3,NULL,4,2),('IT 411B','ADVANCED DATABASE MANAGEMENT SYSTEMS (Elective)',3,NULL,4,2),('IT 413','SOFTWARE ENGINEERING',3,'IT 324',4,1),('IT 421A','ADVANCED SOFTWARE ENGINEERING (Elective)',3,NULL,4,2),('IT 421B','IT ORGANIZATIONAL MANAGEMENT (Elective)',3,NULL,4,2),('IT 422','SYSTEM RESOURCE MANAGEMENT',3,NULL,4,2),('MATH 1A','COLLEGE ALGEBRA',3,NULL,1,1),('MATH 2A','PLANE AND SPHERICAL TRIGONOMETRY',4,NULL,1,1),('MATH 3B','ANALYTIC GEOMETRY',4,'MATH 2A',1,2),('MATH 4A','DIFFERENTIAL CALCULUS',4,'MATH 3B',2,1),('MATH 5A','INTEGRAL CALCULUS',4,'MATH 4A',2,2),('MATH 7A','FUNDAMENTALS OF PROBABILITY AND STATISTICS',3,'MATH 8A',4,2),('MATH 8A','ABSTRACT ALGEBRA',3,'MATH 5A',3,2),('NSTP-CWTS 1','FOUNDATIONS OF SERVICE',3,NULL,1,3),('NSTP-CWTS 2','SOCIAL AWARENESS AND EMPOWERMENT FOR SERVICE',3,'NSTP-CWTS 1',2,3),('PE 1','PHYSICAL FITNESS',2,NULL,1,1),('PE 2','RHYTHMIC ACTIVITIES',2,'PE 1',1,2),('PE 3','INDIVIDUAL/DUAL SPORTS/GAMES',2,'PE 2',2,1),('PE 4','TEAM SPORTS/GAMES',2,'PE 3',2,2),('PHILOS 1','LOGIC',3,NULL,2,1),('PHILOS 2','ETHICS',3,'PHILOS 1',2,2),('PHYS 1A','COLLEGE PHYSICS 1',3,NULL,2,2),('PHYS 1AL','COLLEGE PHYSICS 1',1,NULL,2,2),('PHYS 2B','ELECTROMAGNETISM AND ELECTRICITY',3,'PHYS 1A',2,3),('POLIT SC 1','POLITICS & GOVERNANCE W/ PHILIPPINE CONSTITUTION',3,NULL,1,3),('PSYCHO 1','GENERAL PSYCHOLOGY WITH DRUG PREVENTION',3,NULL,1,2),('RESEARCH 1','CS THESIS 1',3,'CS 322',4,1),('RESEARCH 2','CS THESIS 2',3,'RESEARCH 1',4,2),('SOCIO 1','SOCIETY AND CULTURE WITH FAMILY PLANNING',3,NULL,2,2),('THEO 1','I BELIEVE',3,NULL,1,1),('THEO 2','BELIEVING UNTO DISCIPLESHIP',3,'THEO 1',1,2),('THEO 3','DISCIPLESHIP IN COMMUNITY',3,'THEO 2',2,1),('THEO 4','LIVING LIKE JESUS',3,'THEO 3',2,2);
/*!40000 ALTER TABLE `subject` ENABLE KEYS */;
UNLOCK TABLES;
/*!40103 SET TIME_ZONE=@OLD_TIME_ZONE */;

/*!40101 SET SQL_MODE=@OLD_SQL_MODE */;
/*!40014 SET FOREIGN_KEY_CHECKS=@OLD_FOREIGN_KEY_CHECKS */;
/*!40014 SET UNIQUE_CHECKS=@OLD_UNIQUE_CHECKS */;
/*!40101 SET CHARACTER_SET_CLIENT=@OLD_CHARACTER_SET_CLIENT */;
/*!40101 SET CHARACTER_SET_RESULTS=@OLD_CHARACTER_SET_RESULTS */;
/*!40101 SET COLLATION_CONNECTION=@OLD_COLLATION_CONNECTION */;
/*!40111 SET SQL_NOTES=@OLD_SQL_NOTES */;

-- Dump completed on 2018-01-29  0:05:14
